addr1,addr2,areacode,booktour,cat1,cat2,cat3,contentid,contenttypeid,createdtime,firstimage,firstimage2,cpyrhtDivCd,mapx,mapy,mlevel,modifiedtime,sigungucode,tel,title,zipcode
"충청북도 청주시 흥덕구 가경동","1438","33","","A04","A0401","A04010200","1433504","38","20111111014944","","","","127.4341171334","36.6286485111","6","20241023200025","10","","가경 터미널시장","28398"
"전라남도 진도군 고군면 신비의바닷길 47","(고군면)","38","0","A01","A0101","A01011200","126273","12","20031107090000","http://tong.visitkorea.or.kr/cms/resource/36/3079736_image2_1.jpg","http://tong.visitkorea.or.kr/cms/resource/36/3079736_image3_1.jpg","Type3","126.3547412438","34.4354594945","6","20240604170101","21","","가계해수욕장","58911"
"서울특별시 종로구 평창30길 28","(평창동)","1","0","A02","A0206","A02060500","129854","14","20071106103314","http://tong.visitkorea.or.kr/cms/resource/19/1570619_image2_1.jpg","http://tong.visitkorea.or.kr/cms/resource/19/1570619_image3_1.jpg","Type3","126.9751811398","37.6122099878","6","20240828180420","23","","가나아트센터","03004"
"경기도 양주시 장흥면 권율로 117","","31","0","A02","A0202","A02020600","129194","12","20060807090000","http://tong.visitkorea.or.kr/cms/resource/46/2010746_image2_1.jpg","http://tong.visitkorea.or.kr/cms/resource/46/2010746_image3_1.jpg","Type3","126.9497496852","37.7254519094","6","20241011153024","18","","가나아트파크","11520"
"경기도 여주시 가남읍 대명산길 98","","31","0","A02","A0202","A02020700","2777865","12","20211123182854","http://tong.visitkorea.or.kr/cms/resource/71/2777971_image2_1.jpg","http://tong.visitkorea.or.kr/cms/resource/71/2777971_image2_1.jpg","Type3","127.5349142281","37.2017093544","6","20240925105259","20","","가남체육공원","12662"
"서울특별시 강남구 언주로167길 35","","1","","A05","A0502","A05020400","2869760","39","20221018170906","http://tong.visitkorea.or.kr/cms/resource/54/2869754_image2_1.JPG","http://tong.visitkorea.or.kr/cms/resource/54/2869754_image3_1.JPG","Type3","127.0302729961","37.5264209476","6","20240226140148","1","","가담","06022"
"서울특별시 송파구 충민로 66","","1","","A04","A0401","A04010600","732484","38","20090511234754","http://tong.visitkorea.or.kr/cms/resource/78/1920578_image2_1.jpg","http://tong.visitkorea.or.kr/cms/resource/78/1920578_image3_1.jpg","Type3","127.1229354097","37.4770061292","6","20230719151847","18","","가든파이브라이프(Garden5life)","05838"
"서울특별시 송파구 송파대로28길 5","(가락동)","1","","B02","B0201","B02010100","142785","32","20040426090000","","","","127.1166298703","37.4966565128","6","20241101172817","18","02-400-6641~3","가락관광호텔","05719"
"서울특별시 송파구 양재대로 932","(가락동)","1","","A04","A0401","A04010200","132215","38","20031117090000","http://tong.visitkorea.or.kr/cms/resource/84/1920584_image2_1.jpg","http://tong.visitkorea.or.kr/cms/resource/84/1920584_image3_1.jpg","Type3","127.1109831778","37.4960925880","6","20240523141919","18","02-3435-1000","가락농수산물종합도매시장","05699"
"충청북도 제천시 수산면 월악로 2970","","33","","A05","A0502","A05020100","2013680","39","20150706190209","http://tong.visitkorea.or.kr/cms/resource/31/2013731_image2_1.JPG","http://tong.visitkorea.or.kr/cms/resource/31/2013731_image2_1.JPG","Type3","128.1772085952","36.9329354680","6","20240718093207","7","043-651-2264","가람","27220"
"경기도 양주시 광적면 가납리 738-29","","31","","A04","A0401","A04010200","2748296","38","20210924015015","http://tong.visitkorea.or.kr/cms/resource/71/2748271_image2_1.jpg","http://tong.visitkorea.or.kr/cms/resource/71/2748271_image2_1.jpg","Type3","126.9841492836","37.8238327341","6","20240605092301","18","","가래비시장(가납시장)",""
"서울특별시 구로구 우마3길 19","(가리봉동)","1","","A04","A0401","A04010200","2758198","38","20211018232131","","","","126.8893759759","37.4817874979","6","20230410104722","7","","가리봉시장","08387"
"강원특별자치도 홍천군 두촌면 가리산길23번길 7","","32","","A05","A0502","A05020100","608471","39","20080813003515","","","","128.0138244871","37.8381278478","6","20240909152117","16","033-435-2704","가리산막국수","25164"
"경기도 양주시 장흥면 북한산로 1028","","31","","A05","A0502","A05020100","2525533","39","20171226190132","http://tong.visitkorea.or.kr/cms/resource/27/2525527_image2_1.jpg","http://tong.visitkorea.or.kr/cms/resource/27/2525527_image2_1.jpg","Type3","126.9712897230","37.7135870113","6","20240820162603","18","031-861-4800","가마골백숙","11523"
"전라남도 영광군 홍농읍 가마미로 355","","38","0","A01","A0101","A01011200","126289","12","20030707090000","http://tong.visitkorea.or.kr/cms/resource/63/3018763_image2_1.jpg","http://tong.visitkorea.or.kr/cms/resource/63/3018763_image3_1.jpg","Type3","126.4090769892","35.3997293920","6","20240604165135","16","","가마미해수욕장","57000"
"광주광역시 서구 상무대로 1104-26","","5","","A05","A0502","A05020300","728386","39","20090427221226","http://tong.visitkorea.or.kr/cms/resource/74/1892774_image2_1.jpg","http://tong.visitkorea.or.kr/cms/resource/74/1892774_image3_1.jpg","Type3","126.8838215936","35.1525153326","6","20240923105934","5","062-352-7711","가매일식","61981"
"인천광역시 부평구 평천로 394 (삼산동)","6층","2","","A05","A0502","A05020400","600680","39","20080801014818","http://tong.visitkorea.or.kr/cms/resource/71/1884871_image2_1.jpg","http://tong.visitkorea.or.kr/cms/resource/71/1884871_image3_1.jpg","Type3","126.7340585846","37.5172806109","6","20240724172320","6","032-512-8552","가보","21323"
"경기도 용인시 수지구 수풍로 103","","31","","A05","A0502","A05020100","811327","39","20090928190607","","","","127.0930338609","37.3330083993","6","20241021104712","23","031-276-3880","가보정 4관","16821"
"경기도 수원시 팔달구 장다리로 282","","31","","A05","A0502","A05020100","602895","39","20080804223022","http://tong.visitkorea.or.kr/cms/resource/30/817030_image2_1.jpg","http://tong.visitkorea.or.kr/cms/resource/30/817030_image3_1.jpg","Type3","127.0286635731","37.2742501647","6","20240118134844","13","1600-3883","가보정갈비","16481"
"경기도 평택시 평택5로76번길 18-10","","31","","B02","B0201","B02010100","143017","32","20030806090000","http://tong.visitkorea.or.kr/cms/resource/83/1942883_image2_1.jpg","http://tong.visitkorea.or.kr/cms/resource/83/1942883_image3_1.jpg","Type3","127.1128582139","36.9932008224","6","20231025133555","28","0507-1396-7702","가보호텔","17885"
"경상남도 하동군 화개로 13","","36","","B02","B0201","B02010900","2950408","32","20230217152211","http://tong.visitkorea.or.kr/cms/resource/67/3009367_image2_1.jpg","http://tong.visitkorea.or.kr/cms/resource/67/3009367_image3_1.jpg","Type1","127.6231054334","35.1897988120","6","20230912142129","18","010-3889-6663","가비원모텔[한국관광 품질인증/Korea Quality]","52303"
"경상남도 양산시 동면 가산리 799","","36","0","A02","A0202","A02020700","2784347","12","20211201193109","http://tong.visitkorea.or.kr/cms/resource/72/2784372_image2_1.JPG","http://tong.visitkorea.or.kr/cms/resource/72/2784372_image2_1.JPG","Type3","129.0178748959","35.2950648080","6","20240930153206","10","","가산수변공원",""
"전라남도 영암군 영암읍 기찬랜드로 19-10","","38","0","A02","A0202","A02020600","2732489","12","20210810225939","http://tong.visitkorea.or.kr/cms/resource/96/3382096_image2_1.JPG","http://tong.visitkorea.or.kr/cms/resource/96/3382096_image3_1.JPG","Type3","126.6856118867","34.7919693222","6","20241010193748","17","","가야금산조테마공원","58420"
"경상남도 김해시 인제로 368","(삼방동)","36","0","A02","A0202","A02020600","2714140","12","20210420194949","","","","128.9024609712","35.2582112598","6","20230808165425","4","","가야랜드","50811"
"경상북도 성주군 수륜면 가야산식물원길 49","","35","0","A01","A0101","A01010700","129212","12","20060828090000","http://tong.visitkorea.or.kr/cms/resource/99/2724199_image2_1.jpg","http://tong.visitkorea.or.kr/cms/resource/99/2724199_image3_1.jpg","Type3","128.1418573045","35.8031276100","6","20230802191834","10","","가야산 야생화식물원","40063"
"충청남도 서산시 해미면 산수리","","34","0","A01","A0101","A01010400","125822","12","20030930090000","http://tong.visitkorea.or.kr/cms/resource/92/3055092_image2_1.jpg","http://tong.visitkorea.or.kr/cms/resource/92/3055092_image3_1.jpg","Type3","126.6091060355","36.7039864327","6","20240730111418","7","","가야산(서산)","31961"
"경상북도 성주군 수륜면 가야산식물원길 21","","35","0","A02","A0202","A02020700","2733515","12","20210813004227","","","","128.1410602092","35.8010639410","6","20240913154817","10","","가야산역사신화테마관","40063"
"경상남도 김해시 봉황동","","36","0","A02","A0203","A02030600","250121","12","20060728090000","","","","128.8725475322","35.2355465857","6","20240612091307","4","","가야의 거리","50918"
"부산광역시 연제구 월드컵대로145번길 32","","6","","A05","A0502","A05020100","849929","39","20091030211645","","","","129.0798725132","35.1851949389","6","20240912111529","13","051-865-8017","가야할매 밀면","47540"
"경상북도 성주군 수륜면 가야산식물원길 52","","35","","B02","B0201","B02010100","136485","32","20030612090000","","","","128.1426627919","35.8030359683","6","20241023141727","10","054-931-3500","가야호텔","40063"
"전라남도 강진군 도암면 월곶로 473","(도암면)","38","0","A01","A0101","A01011300","2024432","12","20150820235050","","","","126.7726522891","34.5283725869","6","20240924022635","1","","가우도","59251"
"전라남도 강진군 도암면 신기리","","38","0","A02","A0205","A02050100","2514003","12","20171103004852","http://tong.visitkorea.or.kr/cms/resource/89/3377889_image2_1.JPG","http://tong.visitkorea.or.kr/cms/resource/89/3377889_image3_1.JPG","Type3","126.7717356912","34.5288669609","6","20240930172738","1","","가우도 출렁다리","59251"
"강원특별자치도 동해시 지가동 77-6","","32","0","A01","A0101","A01010500","2714889","12","20210429222624","http://tong.visitkorea.or.kr/cms/resource/61/3344961_image2_1.jpg","http://tong.visitkorea.or.kr/cms/resource/61/3344961_image3_1.jpg","Type3","129.1070564038","37.4736521046","6","20240808144408","3","","가원습지 생태자연공원",""
"경상북도 문경시 가은읍 대야로 2475","","35","","A04","A0401","A04010200","2756644","38","20211013233233","","","","128.0619048644","36.6468411490","6","20240717220143","7","","가은아자개장터","36996"
"전라남도 장성군 북하면 백양로 1102-1","","38","","A05","A0502","A05020100","1985801","39","20150124022734","","","","126.8791262589","35.4249205487","6","20241015105604","19","061-392-7401","가을빛묵은지","57205"
"경상남도 창원시 성산구 대정로35번길 4-1","(가음동)","36","","A04","A0401","A04010200","2783811","38","20211130231944","http://tong.visitkorea.or.kr/cms/resource/11/2799911_image2_1.JPG","http://tong.visitkorea.or.kr/cms/resource/11/2799911_image2_1.JPG","Type3","128.6981523904","35.2078909442","6","20240708091359","16","","가음정시장","51492"
"경기도 가평군 청평면 북한강로 1549","","31","0","A02","A0206","A02060500","130611","14","20050628090000","","","","127.3794096039","37.6604061569","6","20240611170832","1","","가일미술관","12458"
"울산광역시 남구 대공원로 84","(옥동)","7","0","A02","A0203","A02030400","130523","14","20041008090000","http://tong.visitkorea.or.kr/cms/resource/93/3341793_image2_1.jpg","http://tong.visitkorea.or.kr/cms/resource/93/3341793_image3_1.jpg","Type3","129.2905556337","35.5319960593","6","20240805000001","2","","가족문화센터","44660"
"경상남도 남해군 삼동면 죽방로 495","","36","","B02","B0201","B02010700","1351349","32","20110805005937","","","","127.9675765215","34.8169300517","6","20240612152137","5","055-867-4892","가족사랑바다체험펜션","52443"
"인천광역시 서구 장고개로337번길 18-19","(가좌동)","2","","A04","A0401","A04010200","2768173","38","20211104200341","http://tong.visitkorea.or.kr/cms/resource/54/2781354_image2_1.jpg","http://tong.visitkorea.or.kr/cms/resource/54/2781354_image2_1.jpg","Type3","126.6834110718","37.4941962868","6","20240719155711","7","","가좌시장","22810"
"대구광역시 달성군 가창면 가창로 1099","(가창면)","4","0","A02","A0203","A02030600","2034446","12","20151021001307","http://tong.visitkorea.or.kr/cms/resource/70/1876170_image2_1.jpg","http://tong.visitkorea.or.kr/cms/resource/70/1876170_image3_1.jpg","Type3","128.6222232980","35.8027142041","6","20241018165914","3","","가창 찐빵 골목","42933"
"경상남도 남해군 남면 홍현리 남면로 679번길 21","","36","0","B02","B0201","B02011000","127778","32","20040129090000","http://tong.visitkorea.or.kr/cms/resource/96/2703896_image2_1.jpg","http://tong.visitkorea.or.kr/cms/resource/96/2703896_image2_1.jpg","Type3","127.8943963083","34.7279803963","6","20241031145939","5","","가천 다랭이마을","668-861,21"
"인천광역시 연수구 청량로102번길 40-9","","2","0","A02","A0206","A02060100","130105","14","20060724090000","","","","126.6576044255","37.4182241030","6","20240617162754","8","032-833-4747","가천박물관","21942"
"서울특별시 종로구 창경궁로 296-12","(혜화동)","1","0","A02","A0206","A02060900","130233","14","20071106104803","http://tong.visitkorea.or.kr/cms/resource/38/1894738_image2_1.jpg","http://tong.visitkorea.or.kr/cms/resource/38/1894738_image3_1.jpg","Type3","127.0043347827","37.5859580079","6","20240912185351","23","","가톨릭대학교 성신교정도서관","03083"
"제주특별자치도 서귀포시 대정읍 가파리","513","39","","A02","A0205","A02050600","3344437","12","20240807154450","http://tong.visitkorea.or.kr/cms/resource/99/3344399_image2_1.jpg","http://tong.visitkorea.or.kr/cms/resource/99/3344399_image3_1.jpg","Type3","126.2688165585","33.1688017961","6","20241016165918","3","","가파도 소망전망대","63514"
"경기도 가평군 가평읍 장터2길 10","","31","","A04","A0401","A04010200","132785","38","20070508090000","","","","127.5149062186","37.8298417247","6","20240902092215","1","가평군청 031-580-2114","가평 잣고을 전통시장","12419"
"경기도 가평군 북면 가화로 2369-19","","31","","B02","B0201","B02010900","1979670","32","20141226184946","http://tong.visitkorea.or.kr/cms/resource/37/1979637_image2_1.JPG","http://tong.visitkorea.or.kr/cms/resource/37/1979637_image2_1.JPG","Type3","127.4766116592","37.9524878464","6","20241016160452","1","031-581-2256~7","가평 하이랜드","12401"
"경기도 가평군 가평읍 장터2길 10","","31","","A04","A0401","A04010100","131982","38","20020417090000","http://tong.visitkorea.or.kr/cms/resource/13/2364413_image2_1.jpg","http://tong.visitkorea.or.kr/cms/resource/13/2364413_image3_1.jpg","Type3","127.5148701128","37.8297750647","6","20240528143909","1","","가평5일장 (5, 10일)","12419"
"경기도 가평군 가평읍 문화로 131","","31","0","A02","A0206","A02060600","130220","14","20060608090000","http://tong.visitkorea.or.kr/cms/resource/34/1589034_image2_1.jpg","http://tong.visitkorea.or.kr/cms/resource/34/1589034_image3_1.jpg","Type3","127.5085264086","37.8242478130","6","20240823153354","1","","가평문화예술회관","12416"
"경기도 가평군 가평읍 문화로 131","","31","0","A02","A0206","A02060700","129877","14","20071106103359","http://tong.visitkorea.or.kr/cms/resource/64/1785864_image2_1.jpg","http://tong.visitkorea.or.kr/cms/resource/64/1785864_image3_1.jpg","Type3","127.5085264086","37.8242478130","6","20240823153605","1","","가평문화원","12416"
"경기도 가평군 설악면 유명로 1209","","31","","A05","A0502","A05020900","2724858","39","20210708180335","http://tong.visitkorea.or.kr/cms/resource/92/2723992_image2_1.jpg","http://tong.visitkorea.or.kr/cms/resource/92/2723992_image3_1.jpg","Type3","127.4737542806","37.6438875816","6","20240530102410","1","","가평양떼목장카페","12469"
"경상남도 창원시 마산합포구 가포본동7길 11-13","(가포동)","36","0","A02","A0202","A02020700","2783808","12","20211130231853","http://tong.visitkorea.or.kr/cms/resource/30/2799930_image2_1.JPG","http://tong.visitkorea.or.kr/cms/resource/30/2799930_image2_1.JPG","Type3","128.5842831951","35.1552892222","6","20230621145451","16","","가포수변공원","51755"
"충청남도 천안시 동남구 각원사길 245 (안서동)","","34","0","A02","A0201","A02010800","125885","12","20031205090000","","","","127.1964300734","36.8338567886","6","20240920093124","12","","각원사","31066"
"인천광역시 남동구 백범로 312-1","(간석동)","2","","A04","A0401","A04010200","2766259","38","20211102184528","","","","126.7153756657","37.4639420354","6","20240930111417","4","","간석자유시장","21511"
"충청남도 서산시 부석면 간월도리","","34","0","A02","A0203","A02030100","129045","12","20060622090000","http://tong.visitkorea.or.kr/cms/resource/20/2518020_image2_1.jpg","http://tong.visitkorea.or.kr/cms/resource/20/2518020_image2_1.jpg","Type3","126.4227029018","36.6192846446","6","20241029150916","7","","간월도마을","32023"
"울산광역시 울주군 서생면 간절곶1길 39-2","","7","0","A01","A0101","A01011600","128022","12","20031215090000","http://tong.visitkorea.or.kr/cms/resource/94/2648694_image2_1.jpg","http://tong.visitkorea.or.kr/cms/resource/94/2648694_image3_1.jpg","Type3","129.3605738299","35.3589668021","6","20240925145729","5","052-239-6313","간절곶 등대","45015"
"강원특별자치도 원주시 소금산길 12","","32","0","A02","A0202","A02020700","126644","12","20030328090000","http://tong.visitkorea.or.kr/cms/resource/72/3388672_image2_1.JPG","http://tong.visitkorea.or.kr/cms/resource/72/3388672_image3_1.JPG","Type3","127.8340575195","37.3646293574","6","20241016144607","9","","간현관광지","26359"
"경기도 의왕시 문화예술로 65","(내손동)","31","0","A02","A0202","A02020700","2749170","12","20210924201939","","","","126.9849674131","37.3780068044","6","20240909163242","24","","갈미한글공원","16038"
"부산광역시 부산진구 서면문화로 32","","6","","A05","A0502","A05020100","2607508","39","20190621015919","http://tong.visitkorea.or.kr/cms/resource/11/2607511_image2_1.jpg","http://tong.visitkorea.or.kr/cms/resource/11/2607511_image2_1.jpg","Type3","129.0563669161","35.1599862176","6","20240823170635","7","051-714-4457","갈비곳간","47256"
"경기도 포천시 이동면 화동로 2000","","31","","A05","A0502","A05020100","699542","39","20090226003138","http://tong.visitkorea.or.kr/cms/resource/21/700321_image2_1.jpg","http://tong.visitkorea.or.kr/cms/resource/21/700321_image3_1.jpg","Type3","127.3688776584","38.0263661321","6","20240724180110","29","031-531-1700","갈비명가할머니집","11111"
"전북특별자치도 군산시 하나운1길 15","(나운동)","37","","A05","A0502","A05020100","2568281","39","20181121202811","","","","126.6982062510","35.9679251522","6","20241014152547","2","0507-1302-2832","갈비스토리","54131"
"서울특별시 양천구 신정동 162-56","","1","0","A02","A0202","A02020700","1116925","12","20101026223528","http://tong.visitkorea.or.kr/cms/resource/62/2612062_image2_1.bmp","http://tong.visitkorea.or.kr/cms/resource/62/2612062_image2_1.bmp","Type3","126.8684105358","37.5061176314","6","20240424122344","19","","갈산근린공원","08104"
"충청북도 음성군 감곡면 성당길 10","","33","0","A02","A0201","A02010900","1114686","12","20101021190531","","","","127.6411569266","37.1213983401","6","20240919152137","6","","감곡매괴성모순례지성당","27602"
"충청북도 음성군 감곡면 장감로132번길 22","","33","","A04","A0401","A04010100","132406","38","20040223090000","","","","127.6391460878","37.1182042275","6","20230704140126","6","","감곡장 / 감곡시장 (3, 8일)","27604"
"제주특별자치도 서귀포시 효돈순환로 441","(신효동)","39","0","A02","A0206","A02060100","590415","14","20080719013858","","","","126.6080904173","33.2711819574","6","20240325160256","3","","감귤박물관","63605"
"서울특별시 마포구 연남로 25","","1","","A05","A0502","A05020100","2843816","39","20220824165529","http://tong.visitkorea.or.kr/cms/resource/12/2843812_image2_1.jpg","http://tong.visitkorea.or.kr/cms/resource/12/2843812_image3_1.jpg","Type3","126.9219151974","37.5619509880","6","20240502172158","13","","감나무집기사식당","03988"
"강원특별자치도 평창군 진부면 오대산로 152","7동 1호","32","","A05","A0502","A05020900","2795303","39","20211214191709","http://tong.visitkorea.or.kr/cms/resource/14/2795214_image2_1.jpg","http://tong.visitkorea.or.kr/cms/resource/14/2795214_image2_1.jpg","Type3","128.6019054887","37.7167114649","6","20240922112002","15","","감로다원","25318"
"부산광역시 남구 감만동 171-2","","6","","A04","A0401","A04010200","2788346","38","20211208020627","","","","129.0824213919","35.1166137767","6","20240717215737","4","","감만시장",""
"대구광역시 서구 서대구로3길 43","(내당동)","4","0","A02","A0202","A02020700","1118418","12","20101028191433","http://tong.visitkorea.or.kr/cms/resource/87/2493687_image2_1.jpg","http://tong.visitkorea.or.kr/cms/resource/87/2493687_image2_1.jpg","Type3","128.5522334637","35.8586426972","6","20241024174628","6","","감삼못공원","41856"
"강원특별자치도 화천군 상서면 감성마을길 157","","32","0","A02","A0202","A02020600","2569515","12","20181125015331","http://tong.visitkorea.or.kr/cms/resource/93/2566293_image2_1.jpg","http://tong.visitkorea.or.kr/cms/resource/93/2566293_image3_1.jpg","Type3","127.5162822381","38.1665774939","6","20241024154336","17","","감성마을 이외수 문학관","24104"
"충청북도 음성군 음성읍 생음대로 594","","33","0","A02","A0206","A02060200","987769","14","20100327024419","http://tong.visitkorea.or.kr/cms/resource/25/3335425_image2_1.JPG","http://tong.visitkorea.or.kr/cms/resource/25/3335425_image3_1.JPG","Type3","127.6470390172","36.9506931176","6","20240719154434","6","","감우재전승기념관","27685"
"강원특별자치도 평창군 평창읍 고길천로 105","","32","0","A02","A0203","A02030400","2524116","12","20170831090043","http://tong.visitkorea.or.kr/cms/resource/00/2531500_image2_1.jpg","http://tong.visitkorea.or.kr/cms/resource/00/2531500_image2_1.jpg","Type3","128.4388806611","37.3688513197","6","20231031100358","15","","감자꽃 스튜디오","25370"
"부산광역시 사상구 새벽로168번길 21-11","(감전동)","6","","A04","A0401","A04010200","2785609","38","20211203185344","http://tong.visitkorea.or.kr/cms/resource/46/2790946_image2_1.JPG","http://tong.visitkorea.or.kr/cms/resource/46/2790946_image2_1.JPG","Type3","128.9845760414","35.1563630778","6","20240722101756","9","","감전제일상가시장","46981"
"인천광역시 서구 가정로98번길 18","(가좌동)","2","0","A02","A0202","A02020700","2767573","12","20211103190015","http://tong.visitkorea.or.kr/cms/resource/10/3395610_image2_1.JPG","http://tong.visitkorea.or.kr/cms/resource/10/3395610_image3_1.JPG","Type3","126.6736203249","37.4932378921","6","20241024155951","7","","감중공원","22838"
"경상북도 경주시 감포읍 감포로","감포리","35","0","A01","A0101","A01011400","128677","12","20051121090000","","","","129.5040374805","35.8078329413","6","20240423220227","2","","감포항","780-830,1"
"인천광역시 강화군 강화읍 해안동로1366번길 18","","2","0","A02","A0201","A02010200","1254680","12","20110412020054","http://tong.visitkorea.or.kr/cms/resource/71/3364171_image2_1.jpg","http://tong.visitkorea.or.kr/cms/resource/71/3364171_image3_1.jpg","Type3","126.5171140395","37.7335377029","6","20240912181841","1","","갑곶돈대","23027"
"전라남도 목포시 남농로 135","일대 (용해동)","38","0","A02","A0203","A02030600","126828","12","20040224090000","","","","126.4209824186","34.7936564349","6","20241014143327","8","","갓바위 문화타운","58699"
"서울특별시 강남구 언주로168길 5 지미안빌딩","2층","1","","A05","A0502","A05020300","2869670","39","20221018164800","http://tong.visitkorea.or.kr/cms/resource/55/2869655_image2_1.jpg","http://tong.visitkorea.or.kr/cms/resource/55/2869655_image3_1.jpg","Type3","127.0340448682","37.5266682092","6","20240711104122","1","","갓포 마코토","06017"
"전라남도 해남군 문내면 관광레저로 12","","38","0","A02","A0206","A02061100","1623934","14","20120507225428","","","","126.3108529592","34.5732988681","6","20231210150456","23","","강강술래 전수관","59004"
"충청남도 논산시 계백로105번길 8-4","","34","","A04","A0401","A04010100","2913835","38","20221121151738","http://tong.visitkorea.or.kr/cms/resource/24/2913824_image2_1.jpg","http://tong.visitkorea.or.kr/cms/resource/24/2913824_image3_1.jpg","Type3","127.0129759676","36.1555869215","6","20240828164804","3","","강경대흥시장","32930"
"충청남도 논산시 강경읍 옥녀봉로27번길 30-3","","34","","A04","A0401","A04010200","132519","38","20031117090000","","","","127.0153645321","36.1597837058","6","20240124171303","3","041-745-1985","강경젓갈시장","32935"
"경기도 여주시 대신면 천서리길 26","","31","","A05","A0502","A05020100","133184","39","20030829090000","http://tong.visitkorea.or.kr/cms/resource/99/1188599_image2_1.jpg","http://tong.visitkorea.or.kr/cms/resource/99/1188599_image3_1.jpg","Type3","127.5489738547","37.4032390852","6","20240922112357","20","031-882-8300","강계봉진막국수","12608"
"경상북도 영덕군 강구면 강구시장1길 8-1","(강구면)","35","","A04","A0401","A04010100","132114","38","20021126090000","http://tong.visitkorea.or.kr/cms/resource/38/1801838_image2_1.jpg","http://tong.visitkorea.or.kr/cms/resource/38/1801838_image3_1.jpg","Type3","129.3613142643","36.3684417821","6","20230322092721","12","054-730-6233","강구장 (3, 8일)","36458"
"경상북도 영덕군 강구면 강구리 253-51","","35","0","A01","A0101","A01011400","988459","12","20100330033830","http://tong.visitkorea.or.kr/cms/resource/24/2648724_image2_1.jpg","http://tong.visitkorea.or.kr/cms/resource/24/2648724_image3_1.jpg","Type3","129.3900036722","36.3592989277","6","20241018155035","12","","강구항","36459"
"경상남도 함안군 칠서면 삼칠로 1235-50","","36","0","A01","A0101","A01010500","2712922","12","20210401222018","http://tong.visitkorea.or.kr/cms/resource/04/2755204_image2_1.JPG","http://tong.visitkorea.or.kr/cms/resource/04/2755204_image2_1.JPG","Type3","128.5092306571","35.3898253912","6","20240919101541","19","","강나루생태공원","52004"
"서울특별시 강남구 영동대로 513","(삼성동)","1","0","A02","A0202","A02020200","2456536","12","20161214231140","","","","127.0591318945","37.5118092746","6","20230503114647","1","","강남 마이스 관광특구","06164"
"서울특별시 서초구 신반포로 194","","1","","A04","A0401","A04010600","132201","38","20031117090000","","","","127.0071923683","37.5050868999","6","20240709142807","15","02-533-2489","강남고속터미널 혼수상가","06545"
"서울특별시 강남구 논현로131길 40 (논현동)","","1","0","A02","A0206","A02060700","130373","14","20071106105448","http://tong.visitkorea.or.kr/cms/resource/87/1807787_image2_1.jpg","http://tong.visitkorea.or.kr/cms/resource/87/1807787_image3_1.jpg","Type3","127.0271208603","37.5139001229","6","20240926195929","1","","강남문화원","06045"
"경기도 부천시 옥산로154번길 21","(도당동)","31","","A04","A0401","A04010200","2781673","38","20211126204741","http://tong.visitkorea.or.kr/cms/resource/98/2781998_image2_1.png","http://tong.visitkorea.or.kr/cms/resource/98/2781998_image2_1.png","Type3","126.7814628668","37.5075353634","6","20230321103207","11","","강남시장","14526"
"서울특별시 서초구 서초대로74길 49","(서초동)강남아르누보씨티호텔","1","","B02","B0201","B02010100","2650614","32","20200328004421","http://tong.visitkorea.or.kr/cms/resource/94/2650594_image2_1.jpg","http://tong.visitkorea.or.kr/cms/resource/94/2650594_image2_1.jpg","Type3","127.0282157821","37.4934858463","","20240611102428","15","02-580-7300/7400","강남아르누보씨티호텔","06626"
"서울특별시 강남구 테헤란로5길 11","","1","","A05","A0502","A05020100","2871478","39","20221020111559","http://tong.visitkorea.or.kr/cms/resource/64/2871464_image2_1.jpg","http://tong.visitkorea.or.kr/cms/resource/64/2871464_image3_1.jpg","Type3","127.0292766253","37.4995434958","6","20240701173543","1","","강남진해장","06134"
"전라남도 여수시 학동6길 1","1층","38","","A05","A0502","A05020100","2871686","39","20221020135004","http://tong.visitkorea.or.kr/cms/resource/76/2871676_image2_1.jpg","http://tong.visitkorea.or.kr/cms/resource/76/2871676_image3_1.jpg","Type3","127.6668652904","34.7636307887","6","20240628095536","13","","강남집","59679"
"서울특별시 강남구 영동대로131길 26","","1","","A03","A0302","A03020200","131139","28","20030527090000","http://tong.visitkorea.or.kr/cms/resource/23/2462023_image2_1.jpg","http://tong.visitkorea.or.kr/cms/resource/23/2462023_image3_1.jpg","Type3","127.0541432145","37.5204498480","6","20230814141857","1","02-544-9725","강남청소년수련관","06073"
"경상북도 경주시 보불로 391 (천군동)","","35","0","A02","A0202","A02020600","2044527","12","20151202005240","http://tong.visitkorea.or.kr/cms/resource/71/3326671_image2_1.jpg","http://tong.visitkorea.or.kr/cms/resource/71/3326671_image3_1.jpg","Type3","129.3056850979","35.8179335881","6","20240710092505","2","","강동 워터파크","38118"
"서울특별시 강동구 천호대로206길 87","(둔촌동)","1","","A03","A0302","A03021700","1017568","28","20100510192214","http://tong.visitkorea.or.kr/cms/resource/69/2030469_image2_1.jpg","http://tong.visitkorea.or.kr/cms/resource/69/2030469_image3_1.jpg","Type3","127.1540697938","37.5358637478","6","20240528110344","2","","강동그린웨이 가족캠핑장","05357"
"울산광역시 북구 산하동","","7","0","A01","A0101","A01011200","128199","12","20071001090000","http://tong.visitkorea.or.kr/cms/resource/22/3048822_image2_1.jpg","http://tong.visitkorea.or.kr/cms/resource/22/3048822_image3_1.jpg","Type3","129.4423980082","35.6278381472","6","20241025091627","4","","강동몽돌해변","44264"
"서울특별시 강동구 상암로 168","(천호동)","1","0","A02","A0206","A02060700","130376","14","20071106105454","http://tong.visitkorea.or.kr/cms/resource/92/1865292_image2_1.jpg","http://tong.visitkorea.or.kr/cms/resource/92/1865292_image3_1.jpg","Type3","127.1412123500","37.5457151498","6","20240902142558","2","","강동문화원","05314"
"울산광역시 북구 구유동","구유동 654-1번지 외 7개소","7","","A03","A0302","A03022700","2822414","12","20220531161837","","","","129.4519308655","35.6153425111","6","20240104163533","4","","강동사랑길","44233"
"서울특별시 강동구 동남로 870","","1","0","A02","A0206","A02060600","1750737","14","20121113010214","http://tong.visitkorea.or.kr/cms/resource/74/2030474_image2_1.jpg","http://tong.visitkorea.or.kr/cms/resource/74/2030474_image3_1.jpg","Type3","127.1573440585","37.5512009153","6","20230328135047","2","","강동아트센터","05278"
"강원특별자치도 강릉시 저동","645","32","","A02","A0202","A02020700","2900682","12","20221107170347","http://tong.visitkorea.or.kr/cms/resource/65/2900665_image2_1.JPG","http://tong.visitkorea.or.kr/cms/resource/65/2900665_image3_1.JPG","Type3","128.9002177764","37.7972995865","6","20240620165817","1","","강릉 3.1운동 기념공원","25461"